,x1,x2,target
0,0.027894884888510215,-1.0682979212224704,0.0
1,-2.20374942280787,-1.965478990471281,0.0
2,-0.714203807294743,1.1551177481455401,1.0
3,-0.7690892669731028,-2.0829827253672457,0.0
4,-0.32922777299103545,-0.733342123515056,0.0
5,-0.0338214882438666,-0.8413811146621605,0.0
6,-1.3201896790280614,-0.670282304027011,0.0
7,-0.8471145358876,1.2463896966064896,1.0
8,0.22888568472561693,0.6274981337471619,1.0
9,-0.6766186566975216,-0.20783549094113304,0.0
10,-1.0508577446058953,0.44771521765620015,0.0
11,-0.9271948516804263,-0.18241452349557039,0.0
12,-0.8097955583859736,0.3236108897992761,0.0
13,0.9857561931834729,-0.32077615982636315,1.0
14,0.8122182422468175,0.23708104682855644,1.0
15,0.4593596485225801,0.6855111942004285,1.0
16,-0.008304626742934008,-0.171641911125093,0.0
17,-1.7158296005917988,-0.9749286773462809,0.0
18,0.0009283193046561802,2.0267102438413973,1.0
19,0.4310499028656262,-0.8315236961592333,0.0
20,0.4301769279665286,1.4186397291664967,1.0
21,-0.7795215876344082,0.6270987059000072,1.0
22,0.5728005772970831,-0.8239897686554601,0.0
23,-0.5490146077907361,-1.4270008248464614,0.0
24,0.5311521375989258,1.0456584321766371,1.0
25,-0.4451708366858147,0.7091343474316268,1.0
26,0.024633232638192244,-0.03997694595764069,1.0
27,-0.4567094095714138,-0.31071008350396623,0.0
28,-0.3803842209523613,0.3586013683483383,0.0
29,0.4842826706137462,0.1511412448951243,1.0
30,1.0261110666617277,-0.8414367745771772,1.0
31,0.06877675487354687,-0.6602733639593165,0.0
32,0.5108604725775621,0.7998695244431935,1.0
33,-1.5650260524706292,0.6360568209355543,0.0
34,1.0674664576855042,0.175797542029278,1.0
35,-2.101907941441418,2.0385777569614496,0.0
36,-0.7277427710463567,-0.18350478328305408,0.0
37,1.6547831447091454,-0.5598134147423451,1.0
38,-0.31203804145971853,1.2304503167809129,1.0
39,0.3110773111861582,0.4838170832307424,1.0
40,-0.1941731438296726,-0.14285285953921942,0.0
41,0.49395534465523333,-1.6566871707847552,0.0
42,-1.3020585813352665,-0.6269540415240676,0.0
43,-0.9870878170807232,1.1180487886765493,1.0
44,-0.36900880262787944,-0.20413294104058835,1.0
45,-1.245378467495409,0.567192734713028,0.0
46,-0.40416535285894656,-0.6689758284411311,0.0
47,-0.5893548417041491,-0.7913739963261698,0.0
48,-1.1479038093180878,-0.1714997442183447,0.0
49,0.5942166819643208,1.2424710068913671,1.0
50,-1.9236577109555704,-0.42442998919969593,0.0
51,2.2212845323165142,0.1507164931940982,1.0
52,-1.081841111611502,0.00574615413465337,0.0
53,-0.7183041071913702,0.7164958943798424,1.0
54,0.5766446698845156,-0.25937232956580963,1.0
55,0.7488618227746894,0.5539924864710984,1.0
56,0.878111094894797,0.4928342748515486,1.0
57,0.015493883879213027,-0.6943266108563771,0.0
58,2.021780176286781,0.15838268486360113,1.0
59,-0.522234404138548,-0.5373806143181156,0.0
60,2.190365857034326,0.9070075710993012,1.0
61,-1.4740550815897016,0.8776034432797122,0.0
62,-0.33696736836966495,-0.16775874684495495,0.0
63,-0.7882434906865718,0.5284677217113395,0.0
64,1.8792262897485106,-1.6444108222890195,0.0
65,-0.8138774786064001,-0.8990119991523591,0.0
66,-0.7915228442609522,-1.4521353011367673,0.0
67,-0.9560049719266246,-0.4982707502003601,0.0
68,1.178211269207814,-2.2656783551145745,0.0
69,-0.2632987108581483,0.7632597612464876,1.0
70,-0.7510575498563231,1.4070584324791793,1.0
71,1.0389518940408842,0.29354561854779765,1.0
72,1.6585508391060722,0.626006360114992,1.0
73,1.1488503751916537,-1.4940372183125958,0.0
74,0.4226965344577954,-0.6986840072392655,0.0
75,-1.5384316858024591,-0.29140555631816256,0.0
76,0.40851560232364215,-0.6219270790170484,0.0
77,0.4889283116624742,1.236310143524402,1.0
78,-0.44930504333543814,-0.35392816956466067,0.0
79,0.1060440372709642,0.06087591967085707,1.0
80,1.1222762638367385,-2.5242527297692687,0.0
81,0.425499769825823,-0.6261211317097519,1.0
82,-0.9738449406244157,2.164618767192245,1.0
83,0.022760120545600344,-0.44856965904628343,0.0
84,1.8763371087220357,0.4685465858829428,1.0
85,-0.369942813846836,0.5695231967649074,1.0
86,0.30741611154551385,-1.3277626185503948,0.0
87,-0.808601179741449,-0.6094965228071793,0.0
88,-0.5102648623400655,0.3452794958639995,0.0
89,-0.8073874797391771,-0.9868790012227245,0.0
90,0.35066209376921326,0.14640808441557304,1.0
91,-1.5710132473499698,-0.6400745076457854,0.0
92,0.18624904034985923,1.795538732181629,1.0
93,-0.029056653950969583,0.23464763640490913,1.0
94,-0.09837814666701296,-0.08150327316070533,0.0
95,-1.8970802596980085,1.3585219829557496,0.0
96,0.32439310365329216,0.8839129469344239,1.0
97,-1.4094516566700586,-0.8442780104366661,0.0
98,0.19632999478812763,-0.6489733660948946,0.0
99,-0.6672994819707007,1.8925121641205929,1.0
100,-0.8638467869050328,-0.12158654422945525,0.0
101,-0.28654260661624015,-1.5741152539158105,0.0
102,-0.2758217396061797,1.7196519546229365,1.0
103,-0.623912776295123,0.9639074427263215,1.0
104,-0.12269886994794861,0.2013368270003862,1.0
105,-0.48418428541837005,0.30368239116522366,1.0
106,-0.3005140159955927,1.5550488543836125,1.0
107,-0.9893949732217981,-0.3863635186600951,0.0
108,-2.0298925343028027,1.2038008245913967,0.0
109,0.5487743942938239,0.5721775635685791,1.0
110,-0.5889492272835171,0.4962629094579847,1.0
111,1.0159711407258505,-0.648040803491631,1.0
112,1.7132733599399304,-0.4331905440349446,1.0
113,-0.9067945770011951,1.1553661788943888,1.0
114,-0.16253909306697267,-0.1621496408882472,1.0
115,0.6578949662244356,0.7245345555299594,1.0
116,-0.9683529638585833,0.0734563849062869,0.0
117,0.37468157991658774,0.369516028345376,1.0
118,1.613824632870275,-0.5882425565395614,1.0
119,-0.7412477455436581,-1.3977288480480785,0.0
120,0.7869800385773645,-1.045526185005354,1.0
121,-0.514873319657516,-1.3484402091385077,0.0
122,-1.4403317647391018,-0.07001479338222802,0.0
123,0.7161472703944944,-1.5128952731708096,0.0
124,0.24007120744186394,-0.11004574710205202,1.0
125,-1.0072069770242547,-0.6459342036490892,0.0
126,-0.26532352410923277,-0.8735419062411581,0.0
127,-1.9833058989311874,0.9312595891136217,0.0
128,1.2263823673712413,-0.5880837925599245,1.0
129,0.6045025803792693,0.7675842851379132,1.0
130,0.08355622635305,-1.4278451629119593,0.0
131,-0.3482818117104218,-0.7182041855333172,0.0
132,-0.17182309949522737,-1.020617864350589,0.0
133,1.316242444294877,-0.71547216679011,0.0
134,-0.36677082257692484,-0.9866467735572859,0.0
135,-1.265986366458711,0.37059459831705466,0.0
136,-0.37666732971219946,1.5310571107559279,1.0
137,-2.7527186619537174,1.5584067853194408,0.0
138,-1.3655302906581634,-0.21442805056543945,0.0
139,-1.4566978175518492,0.5525751630988764,0.0
140,-0.3640317568696114,-0.48426707988302314,0.0
141,-0.9052731232928046,0.34373795755844694,0.0
142,1.0208802965527655,-0.633689316365865,1.0
143,1.15970532779066,0.32326887463483406,1.0
144,-0.3361276983218499,-0.7782608564900629,0.0
145,-2.5833999632696014,0.5677064361825932,0.0
146,-0.5881674208270107,0.6773423448725605,1.0
147,-0.7022774059737833,0.7780627345922506,1.0
148,1.3283794962662374,-0.4742305179246108,1.0
149,-1.169541753216186,-1.8449727263762625,0.0
150,1.8002948479656862,-0.05805942022459061,1.0
151,0.07782636809728566,0.4529996818283358,1.0
152,-1.0835182960018088,-1.307478584326072,0.0
153,1.1346125735426067,-0.7372425127675052,1.0
154,0.5181306647877953,0.6804973590489618,1.0
155,-0.05680555572493529,-0.13021099943930445,1.0
156,2.6265624556776093,1.5384709907801601,1.0
157,-0.5411551201378908,-0.14412916725344566,0.0
158,1.110015793352444,1.9561793859558811,1.0
159,1.4061929528755208,-0.570991847725853,1.0
160,-0.6319296592537219,-0.062362900997950124,0.0
161,1.044227396773092,0.31607922026102475,1.0
162,0.94626412904034,-0.2203297208510337,1.0
163,0.8626156965384931,0.04612732146630516,1.0
164,-1.4841208749859036,-0.3799264504531866,0.0
165,-1.1761781370435704,1.4762976474485465,1.0
166,-0.21153297944973032,-0.10435270121135529,0.0
167,0.46573286599651303,-0.3128903232909887,1.0
168,0.3858620262853611,1.3206309329924593,1.0
169,-0.9561789428149993,-0.06067234813677782,0.0
170,0.5605223147532882,-1.7037492623623804,0.0
171,1.7837466702141478,-0.3461342629609932,1.0
172,-0.9649123127283238,-0.09655745625299889,0.0
173,0.3835225402587328,0.29528168226195445,1.0
174,0.6708613582554763,-0.4773502937454888,0.0
175,0.8458358072822597,0.7932526239603204,1.0
176,-0.5312281753360902,1.0453515709659866,1.0
177,0.025643848494268363,1.3376961537412826,1.0
178,-1.3761324454478097,1.12726339867485,0.0
179,0.8899570409264969,0.7695288856370054,1.0
180,1.2610899990605393,0.5880708211778524,1.0
181,1.9451112744633459,-0.45762727752837146,1.0
182,-0.09249763489542992,-0.7115361530879698,0.0
183,-0.08628345263324576,0.1506476397833924,1.0
184,-0.48916932558640536,1.2668565524802688,1.0
185,-0.9161665529365852,-0.8876605031261426,0.0
186,1.2782091422850597,-0.29449387182093156,1.0
187,0.5864267988669823,-0.02492572788550073,1.0
188,1.3731186055269229,0.48620416081089124,1.0
189,-1.0581713735664824,-1.940343425486979,0.0
190,-0.3551479335601696,-0.5273704241049416,0.0
191,-0.4285343139347863,-2.3457450505323423,0.0
192,2.269026989893142,1.4008691886038402,1.0
193,0.6623274704589603,0.3038755427191885,1.0
194,0.12158540253349218,0.2760103888400212,1.0
195,-1.242625231999362,-2.4546653678402803,0.0
196,0.28450139762736204,0.6228451544551834,1.0
197,0.015973827326526805,0.9483398452235136,1.0
198,0.5573967826381687,-0.38866792778122666,1.0
199,-1.5032912346420608,-1.2843389024937417,0.0
200,-0.7509688657275453,-0.11819181888504937,1.0
201,0.16842925763619154,-0.678479889211495,0.0
202,1.2233294231715226,1.744182223749035,1.0
203,-0.13091126126031455,0.08693893092631086,1.0
204,-1.1619339597991791,1.3487378297584096,1.0
205,1.7951220960675374,0.10417824280968926,1.0
206,-1.5137619590325273,0.22136525068479945,0.0
207,0.0353140676013474,0.33700337277586034,1.0
208,0.15473655784936435,-0.8676319218573605,1.0
209,-0.5212350366416172,-0.6339750955792147,0.0
210,-0.9496545512411202,-0.3083613720288468,0.0
211,0.5874396060906557,-1.315980664597734,0.0
212,-0.057344725725278385,0.24265342261868542,1.0
213,-0.4711244883306322,-0.5963325503311616,0.0
214,1.0246720860812348,0.32213889138165236,1.0
215,-0.8974444456832639,0.1041333760711837,0.0
216,0.36012878944548743,-0.19105200078887766,1.0
217,0.7965356710864715,0.4556471936554124,1.0
218,0.3500354579862527,-0.7908873212711259,1.0
219,1.574579171194961,-0.42805894156770563,1.0
220,-0.5939364526839955,1.13057313295782,1.0
221,0.007865916883300867,-1.4499808838742645,0.0
222,0.7067683636290826,-0.9159474674308369,1.0
223,-0.8672978636691558,0.06272814819737636,0.0
224,0.07032377144508789,0.4688514136371902,1.0
225,-0.7046002436136746,-0.443364138227527,0.0
226,0.09952662298935809,0.686909516394138,1.0
227,-0.12277909712843635,1.2261819460753673,1.0
228,-0.4976807714375035,0.6532188921107912,1.0
229,0.2563870088658096,0.2803216959211599,1.0
230,0.7432492871018368,1.1728658254103916,1.0
231,0.6376485734770867,-0.5910691342033886,1.0
232,-0.8728890829428381,-1.7583487866328729,0.0
233,0.08862764832479672,-1.1306627513365561,0.0
234,-0.8827018896042744,1.4769211975642573,1.0
235,-0.5348473452682613,-1.4554721875845258,0.0
236,0.46042405657256563,0.2729399075223319,1.0
237,-0.20716235008731443,-0.8190324236882214,0.0
238,-0.4633844563163141,-0.5287495569074767,0.0
239,-0.10685393381261744,-0.4124250916344019,0.0
240,-0.40236638231684924,0.7895071270649935,1.0
241,-0.11154222508817122,-0.6330663345242854,1.0
242,-0.2646342073868689,-0.45477492666034125,0.0
243,-2.1954044693796333,-0.27774478733227315,0.0
244,1.07732687495461,-0.39005200607921653,1.0
245,-1.2484544068025198,-0.3084586213797555,0.0
246,-0.4403773646646221,0.9527758123544464,1.0
247,-0.4657494810831985,-0.5903416169384348,0.0
248,0.7416503701652832,-0.8438990619143699,1.0
249,-0.9702447292125993,-0.5242623347958177,0.0
250,0.6410263924868762,-0.36358399718865986,0.0
251,-0.04620238181383702,-0.14455572916462087,0.0
252,-0.4532512605899946,-0.18513262224546187,0.0
253,0.770443433045611,0.4226811844467168,1.0
254,-1.3406334729875744,0.572618727821428,0.0
255,0.996391551987303,-0.6399242173850181,1.0
256,0.44850635788177484,-2.4103150982694768,0.0
257,0.04853063929319889,-0.8050621605970267,0.0
258,-0.1448779004937227,0.6194859394171729,1.0
259,-0.7909080009181759,-0.5930735659471886,0.0
260,0.32392448112457417,0.566497480744308,1.0
261,1.0725354828437161,2.3115590063561426,1.0
262,-1.8553814766728944,1.5656524428347063,0.0
263,1.2363125986642194,0.03913640093546942,1.0
264,-0.7171719653896516,0.9898080315200039,1.0
265,1.129207444715232,-0.26525481402339507,1.0
266,3.146539021186694,-0.9819400892843654,1.0
267,-1.216729923271519,-1.8901915516871886,0.0
268,-0.535731718034831,0.1313932874850731,1.0
269,2.0781096479251797,-0.24899141709121034,1.0
270,-0.2920143544195556,-0.8718610789136639,0.0
271,-1.0248262467153972,0.6466225878027765,0.0
272,-0.6331108846529689,-0.05815696191978855,0.0
273,0.22147299974571344,0.4994733320637886,1.0
274,0.16175286869264022,-0.40116418319706154,0.0
275,0.956229497224841,0.5548794080571092,1.0
276,1.732815882546043,-1.4897172392298317,0.0
277,-2.054772070598737,0.24003833687617956,0.0
278,-0.8349999846386277,-1.180984571261717,0.0
279,-1.2127296011425797,-1.1801730233294965,0.0
280,-0.0020144020051307368,0.9227982876143247,1.0
281,1.158872901771133,-0.9185529733651068,0.0
282,0.32486000166935053,-0.09679739207878177,1.0
283,-1.2220822243584197,-0.33007041669893505,0.0
284,1.3504407137740164,-0.268659967749459,1.0
285,-0.2864531062373967,2.083160694506675,1.0
286,1.482113663486451,1.4231519045265177,1.0
287,0.101144222537094,0.8283913868282031,1.0
288,0.6765880607317389,0.7404323904079264,1.0
289,0.9649144647236235,0.10403784320310712,1.0
290,-1.6296585348600585,1.3173038557434043,0.0
291,1.740257855343144,0.32623878311392457,1.0
292,2.5031340577682095,0.7993046536320388,1.0
293,-0.5353993316626372,-1.079902240966562,0.0
294,0.7224784312110082,-0.1628805065042793,1.0
295,0.8396580512660108,0.8652060237124687,1.0
296,0.44751833398091334,0.739440479665494,1.0
297,1.340763769006501,-0.5567729858074637,1.0
298,-0.4497976252057676,-0.8103329857640935,0.0
299,0.8373268972141188,-2.170521417248866,0.0
300,-0.05994710889411054,0.6750712687815654,1.0
301,-0.8491142006836329,0.08027500789804537,0.0
302,-2.1458012928939865,-0.8939480849811865,0.0
303,0.19050449066312528,1.6002043893178197,1.0
304,-1.1287284920129743,-0.3887550510247188,0.0
305,-0.7224911485157224,-0.8060128783505944,0.0
306,-0.3208073223399679,-0.076882545414343,1.0
307,-0.1971417266949737,-0.7602137937770255,0.0
308,0.010987116421427958,-1.0171258041778928,0.0
309,0.8909298477936213,0.5621225397874153,1.0
310,0.44452676287787585,0.030917438701420052,1.0
311,0.3689524609629308,2.1233276325034756,1.0
312,-2.002281807645424,-0.7391345864498915,0.0
313,0.3353820754529828,0.4916660560027946,1.0
314,0.5144216929098082,0.5654253682751411,1.0
315,0.5396479995471968,-1.1101173091036673,0.0
316,-2.0503153839766544,0.5937984128956383,0.0
317,1.489327794966941,-0.5449017335138425,1.0
318,-0.16900002147242044,-0.3581238657016085,0.0
319,-1.1007729254200298,-1.5501326449511754,0.0
320,-0.26467391553642916,0.6247298369581282,1.0
321,-0.38697373382759953,1.1096758055461184,1.0
322,-0.4486632402090392,1.0704103590479,0.0
323,-0.16241481442607678,0.5628367130956718,1.0
324,-0.8786528563019692,-2.4124589476371185,0.0
325,1.1590212310489119,-0.33116956268954234,1.0
326,1.778024722754643,1.222773587706053,1.0
327,-1.5603820290269648,1.9089283887113084,0.0
328,-1.09399552377861,1.3561984307155572,0.0
329,0.6449232690346827,0.03313266034018555,1.0
330,0.7353746950656314,-0.7791126032375495,1.0
331,0.5396716471215627,-1.0226040564142893,0.0
332,0.9649382065252144,0.28207146321911225,1.0
333,0.6544899254153735,-1.8441647883041392,0.0
334,-1.218716332776578,-0.4303952365624068,0.0
335,-0.6379846605468513,-1.897215921340688,0.0
336,-0.008146880457231902,-1.0272600827938245,0.0
337,0.3558196100545039,0.03460383701186842,1.0
338,2.3497663544149887,0.21481142605126813,1.0
339,-1.3624702434817164,1.2611286852333634,1.0
340,0.9894732735850079,-1.4890923765595956,0.0
341,1.0969954670653201,0.38927793796386284,1.0
342,-0.5410393839987316,0.7105000741297972,0.0
343,-0.03118074088374205,-0.1805342125245054,1.0
344,1.7811744449402722,0.996420067279627,1.0
345,-0.9990996714395747,0.7632509387827483,0.0
346,0.3973232679891778,2.220560993086254,1.0
347,-1.2056003551690668,0.23707953309178995,0.0
348,-0.30271413354147075,0.07723137642641699,0.0
349,0.6965081459291306,-0.30524592697101116,1.0
350,0.49294330535293274,-0.8860729899792117,0.0
351,-0.9176343915653397,1.5929394860375423,1.0
352,-0.4916716591417113,0.3193162884726196,1.0
353,1.1774563882199374,0.874099915073083,1.0
354,-0.024723019189381246,0.9932608898203908,1.0
355,2.123452470079847,-1.2388743397496091,1.0
356,-0.5207279731255804,0.1115930358196747,0.0
357,-1.0491979679929655,-0.027046613522794624,0.0
358,0.1344574992613743,1.5815392602826142,1.0
359,-0.6332795635223404,0.190698752435288,0.0
360,1.007049023456256,-0.8300927640005968,1.0
361,-0.07893511186371654,1.7380129783223373,1.0
362,-2.283329369007366,0.3303181970508082,0.0
363,-0.65880166250834,0.4963457803178879,0.0
364,-1.1936858643347061,-0.0008548220784703872,0.0
365,-0.0682433562526555,0.1608049475662058,1.0
366,0.49087584148687724,0.8348510332884391,1.0
367,0.5085799353908403,0.39199355511136685,1.0
368,1.3390667629577864,-0.5951328854048757,1.0
369,1.0605245131341017,0.2179877655188173,1.0
370,0.5853550399341266,-0.5980931984544473,1.0
371,-1.2552745593059167,-0.554008687661457,0.0
372,0.6028614487172288,-0.42059926546496745,1.0
373,-1.304376825615425,2.4868397629306034,1.0
374,0.18532265428357128,-1.849599142640197,0.0
375,0.8940350848769694,1.4439892374580507,1.0
376,-0.3777677429577726,-1.171603599725529,0.0
377,1.0697040891414336,0.7857666541468125,1.0
378,0.7396379956257708,-2.0385433885997775,0.0
379,1.1024806164143606,1.939186021294926,1.0
380,-1.3553856701552596,0.051189879298737945,0.0
381,0.49721188986325576,0.2567898995805135,1.0
382,-0.6154338992768605,0.21075302923744896,1.0
383,1.3314377458720998,0.024262884678582605,1.0
384,-0.727542918531773,-0.19808776939677,0.0
385,-0.028594184079207833,0.22363787093186666,1.0
386,0.050464754976466616,1.9696894327669185,1.0
387,1.3558632159939288,-1.720379363815889,0.0
388,-0.11164687930878181,-0.6195276459665994,0.0
389,-0.14718086543511136,0.550239147177504,1.0
390,-0.32613640013894085,0.2320969868238848,1.0
391,-0.4908128476117755,1.892837526082424,1.0
392,-0.6617466197358689,0.3174453778912963,0.0
393,1.0222239044437913,0.6096275905587365,1.0
394,-1.5145070885748488,-0.2740335087003287,0.0
395,0.6486978652448653,-1.3202357426364455,0.0
396,-0.7610779540166367,0.28621395877938716,0.0
397,0.5215999502955933,-1.5730582048661936,0.0
398,-1.1430191070322946,0.0464056644694845,0.0
399,-1.087377823448128,1.8362521874198494,1.0
400,0.8830190887321216,0.941068013347774,1.0
401,-0.20697972941274592,-0.6741864361101915,0.0
402,-2.3825327661422273,0.22053511669008746,0.0
403,-0.3526946036513167,-1.0921750212516403,0.0
404,0.2561326124575166,-0.5401439832616728,0.0
405,-0.6033421682399815,-0.24361487615217953,1.0
406,0.43499019776648123,-0.31300305807889955,1.0
407,-1.3818515997120957,-1.4250022753127725,0.0
408,1.1315369808213611,0.23225301939893453,1.0
409,1.6582175987518895,-0.3865784508866852,1.0
410,0.07019043683660359,-0.21869622905899674,1.0
411,-0.9520059947723295,-1.6031399204995553,0.0
412,1.5641330260156647,-0.8758107793203485,1.0
413,-1.385868784435439,0.3584181219482734,0.0
414,0.18955401114540463,1.349879913046121,1.0
415,0.32724455719538653,-0.9817105091643237,0.0
416,-1.7123635003067688,-0.4999557463023232,0.0
417,1.5048531503172917,-2.5374643571192737,0.0
418,-1.0324174174536997,-0.8778661989370801,0.0
419,-0.3917219603220197,-0.5923697844695447,0.0
420,2.075196327627415,-0.22791769350511842,1.0
421,-0.9504336514859465,0.2220060712105887,0.0
422,-0.3663464499985431,-0.7295033891339103,0.0
423,-1.6415847709696991,-0.054143243733524644,0.0
424,-0.4626740473901849,0.12954648747692835,0.0
425,2.3029569746305,-1.0833304094746632,1.0
426,-1.6559762120957278,-1.1881922753079408,0.0
427,-0.8777748389602935,-0.46119187673266177,0.0
428,0.5686594640535217,-0.1385241750715132,1.0
429,-2.1233828889150796,0.218852401007237,0.0
430,-0.016164935252627716,-0.17053547631593752,1.0
431,0.7254091419792887,-0.8220145859047839,0.0
432,-0.6576020255798802,-1.191032910628453,0.0
433,1.1029729685840788,-0.535459277617373,1.0
434,-0.004815286932063519,-0.05622908357706023,0.0
435,1.7928194482702362,0.19883758403668428,1.0
436,0.3743795261776434,0.050156179703456365,1.0
437,0.24617969540552326,0.3297319652706775,1.0
438,0.6386191216943735,1.6254007735727038,1.0
439,-0.402119860327196,-1.0711698202103497,0.0
440,0.44796185598328947,1.2920695748076947,1.0
441,2.331448639665749,-1.75677545030539,1.0
442,-1.1862377153982815,-0.42526904451354713,0.0
443,-0.637739105049322,0.4596415043261219,1.0
444,0.6220356385286469,0.12070583637323189,1.0
445,0.3401684805121453,-0.8389321651110934,0.0
446,-1.719845638564887,0.18441937852673854,0.0
447,-0.7793175191465038,1.5646486417995589,1.0
448,0.5703591692332244,0.28547945921489,1.0
449,-0.6911922209865807,0.6832975366561133,1.0
450,-0.28734706902015955,0.14306529725053466,1.0
451,-2.365006680069185,0.20617972734400267,0.0
452,1.4445675229267545,0.02967510888039337,1.0
453,-0.03126012929181115,0.9908449856888607,1.0
454,0.5697721957477885,-0.1740277695166764,1.0
455,0.7010438990652116,-0.47250684355943395,1.0
456,0.69410345475235,0.9441740288609407,1.0
457,-0.6713970514746576,-0.5933995621264243,0.0
458,0.23923514593729675,0.150979141992242,1.0
459,1.1260863583904557,-1.287849556544335,1.0
460,-2.488832747567176,0.6348754854212241,0.0
461,-2.9514257193871516,0.09836827987259684,0.0
462,-0.9144659881032858,-1.0895117467414615,0.0
463,0.6073832523150737,-0.3013501654977367,1.0
464,-0.8746807759991433,-0.5185486629638897,0.0
465,0.20910207371809517,-1.8502791925879247,0.0
466,1.1189337561829973,1.5546191762273054,1.0
467,0.6770242784704307,0.48583356840979913,1.0
468,1.2458986813025132,-0.11811850388120718,1.0
469,-0.14284622952108736,2.0614696180822727,1.0
470,0.45352592479865295,0.736203282328093,1.0
471,-0.2539131641080575,1.0828012845250001,1.0
472,0.4407259818069522,1.05382592699755,1.0
473,-0.23282451768649812,-0.0228043427977759,0.0
474,0.5995869549261267,-0.3342003924348182,1.0
475,2.453173989155158,-0.05275595340014443,1.0
476,0.4667022101380022,0.9283198998803665,1.0
477,-1.5224676412668277,-0.9286003181473862,0.0
478,1.0346843018974532,-0.6238666934793123,1.0
479,-1.628935912294726,0.3650434274307931,0.0
480,1.195045146095441,0.7255851968162278,1.0
481,-0.8637272427900697,0.19627679187296385,0.0
482,0.36883722188854884,0.6971288190523133,1.0
483,-1.3157665516330022,0.4068560499078479,0.0
484,0.5882018496054191,-0.973372497994789,0.0
485,0.032423175560684955,-0.9795665298387738,0.0
486,1.6426701239935269,-0.800894194273846,1.0
487,0.9437796572144097,1.7902853873385773,1.0
488,1.6620400594470097,-0.16466214623563066,1.0
489,0.14083261056453056,-0.3071594196304619,1.0
490,-0.6899915567185189,0.9090506678658622,1.0
491,0.38388068568928196,0.02476180900811433,1.0
492,0.6024990971926778,0.6869545301483126,1.0
493,-0.4109505215867052,1.3588032811555721,1.0
494,0.9328056230960423,0.5673017369025135,1.0
495,0.4845336915958582,0.4232644963551143,1.0
496,0.42521905976653634,0.030920288083403275,1.0
497,0.2119078531507482,-1.833006367124321,0.0
498,-0.9064522030565386,-0.4206899804370416,0.0
499,0.28794334796191146,-0.5589179470776496,1.0
500,-0.291439242346262,-1.1553557053600358,0.0
501,-1.4612970444891866,1.039436628245759,0.0
502,0.42900396663443924,1.7065975613525644,1.0
503,0.42795433169999497,0.27702991020307643,1.0
504,-0.2899786572734124,-1.8233648568908254,0.0
505,0.9820558164379106,0.025365845288863025,1.0
506,0.23036537137024532,0.4439809537622522,1.0
507,-1.9256765758012078,0.8074410405766015,0.0
508,0.508731731205641,-0.3359330431222349,1.0
509,-1.7766421299533932,1.3412178233387306,0.0
510,-1.3987429058139957,1.3518454215106535,0.0
511,-2.3337821988395175,1.3323789792251122,0.0
512,0.3618736638941917,0.27568736653266857,1.0
513,1.3110204209512137,-1.0003858795866785,1.0
514,-0.6928859369914644,0.19069987883539133,0.0
515,-0.2135600557481761,0.0619070577698103,0.0
516,-0.3019504085718684,0.6281702916751266,1.0
517,-1.934188131843771,-1.8795124708259912,0.0
518,-0.19614140758612644,1.054635779919163,1.0
519,-0.8903465595879615,-0.013131259249414112,0.0
520,-0.22273964849669842,1.4906178743152778,1.0
521,-0.5664425285309018,1.123498009916194,1.0
522,-1.0403834978825688,-0.8580315916097061,0.0
523,0.8552061874099173,-0.5056635035328717,1.0
524,1.1385287164807298,-0.7143131864146106,1.0
525,0.7088077952371968,1.1725435729273408,1.0
526,-0.4021287305177886,-2.5441321284108476,0.0
527,-1.9114832499752559,1.3870478322512216,0.0
528,-0.037372198616705724,0.8803564082975933,1.0
529,-1.2203410132255732,0.5623668157849806,0.0
530,1.0426670332777703,-0.7276785537077795,1.0
531,-0.41382293861637126,-0.39940667731652624,0.0
532,-0.6485976434722149,0.23614150159925296,0.0
533,-0.9453661481295123,1.607771707172127,1.0
534,-0.4181056482448428,1.1557107633045824,1.0
535,-1.1567736258040828,-0.47944289315876487,0.0
536,-1.412944607306667,-0.03193373734785229,0.0
537,-0.7328933955767566,-1.102354134327245,0.0
538,-0.8558735787700132,-0.124175591032728,0.0
539,-0.26015432188498083,0.008642229448259223,0.0
540,-2.1369704232070643,1.3149906133958296,0.0
541,0.5962772340817137,-0.9096481557578765,0.0
542,0.9576644331867469,2.6672421556811132,1.0
543,0.3336614087621796,0.43902331486721674,1.0
544,-0.7017447928531009,0.5367399784965214,1.0
545,-0.7516101608258772,-1.0307849023066122,0.0
546,0.4900796453067854,-0.25210688831002925,1.0
547,-2.663254468185862,-0.22881943560918697,0.0
548,-1.9197279815701327,-0.6095740481884667,0.0
549,-0.4032398055659573,0.5894044893504266,1.0
550,-1.67236833004124,-0.4977344537190926,0.0
551,0.9119522900888642,-1.455943434611644,0.0
552,-0.4273154089396941,1.5328541939292528,1.0
553,-1.2880001315672718,1.472536092372045,1.0
554,-1.7011030552175386,0.2969878216252148,0.0
555,0.4804758579900492,-2.243387361652892,0.0
556,-1.1926519572314516,-0.5734122364459365,0.0
557,-0.002211204658018816,0.7331768085798486,1.0
558,-0.9102606065406518,-0.8892980831745698,0.0
559,1.6578866389571776,-1.05965153428724,1.0
560,0.43209230607090326,0.015123761413942281,1.0
561,-0.8331704740335082,-0.08017946639096701,0.0
562,0.5096730749584683,0.8819296675240226,1.0
563,0.5818231659212971,-0.7236155778297632,1.0
564,-2.3728628259567044,-1.7685976430185817,0.0
565,0.6204757521743703,-1.4630449990977725,0.0
566,0.8765089068676888,-0.389171328222072,1.0
567,1.2545553207031446,0.20183003352976903,1.0
568,1.483051937062949,0.5319587777239799,1.0
569,-0.052146026446567205,-1.000890050632703,0.0
570,1.0859631206654796,0.05472323966948161,1.0
571,-0.19617799202725422,0.5964777277369435,0.0
572,-2.226160830378536,1.3174768660222522,0.0
573,0.7665672907581543,-0.5927014628017355,1.0
574,-0.7749273426545707,0.2742925041455567,0.0
575,0.44712371237279985,-0.2911236463467482,0.0
576,-0.05705211016663716,0.41832074124109014,1.0
577,-0.0020856027249718167,0.05400506624258529,1.0
578,0.22100280809173767,1.455677956689874,1.0
579,1.206393732147193,-1.572474965339155,0.0
580,-2.118967347682974,0.982182328389235,0.0
581,2.301963560205947,-1.1304437623146506,1.0
582,-0.37031421784726815,-0.4490313583782344,0.0
583,0.23224859536152098,1.0810492268632435,1.0
584,-0.6537584356248543,0.5034659439402099,1.0
585,-0.6462760073738568,1.230503649095194,1.0
586,-0.11598019106841721,0.04772712180949829,1.0
587,0.7734543379152097,-0.10481630371163417,1.0
588,1.0665000737237669,-0.04450570562260544,1.0
589,0.6279554924142825,1.7843010457119197,1.0
590,0.2181740841496686,0.8396626270265589,1.0
591,0.6284519699394525,-3.55870113972304,0.0
592,0.8290801452419199,-0.18572675626061855,1.0
593,0.44992341930664553,-2.8172088162432285,0.0
594,-0.4009567012270049,3.2065628723937776,1.0
595,0.9310010021405041,0.5020813020672831,1.0
596,-1.0156323588119807,-0.37244734493619286,0.0
597,-1.031662208676622,1.2632750787110014,1.0
598,0.05227164350515174,-1.3574527615278897,0.0
599,2.729017179110534,0.12595353859192943,1.0
600,-0.6172161547041696,0.5275092717942216,1.0
601,-0.37949483788373994,-0.9623828377825094,0.0
602,0.16018775756579837,0.6448304779446388,1.0
603,1.7501800752198926,-1.816330568485867,0.0
604,0.31808335849804953,-0.06968228800427848,1.0
605,-0.2344649657912356,-3.5152452694786276,0.0
606,-0.42907871430542127,-0.47276983988871574,0.0
607,2.255021551376027,1.0120247076391857,1.0
608,-0.17026464512200568,0.5474802792118187,1.0
609,0.624063656924132,-1.5574866277944248,0.0
610,-2.016118267240768,0.4443318110959571,0.0
611,-0.2827665618129171,0.7801552583971371,1.0
612,-0.43326102041589565,0.992353879818133,1.0
613,-1.1306161766271956,2.090245571087392,1.0
614,-0.112168620355635,1.0579308490842192,1.0
615,0.7368324017207086,0.023082029883209666,1.0
616,-0.868083093300188,-2.4802298587632894,0.0
617,-0.3407133344059949,-0.8459016482029736,0.0
618,-0.6712301931660561,0.4836377897535145,0.0
619,-1.0945131777593775,-0.18683895108275092,0.0
620,0.33371327971290193,0.03012736582983255,0.0
621,-0.565975425058834,0.95362253219156,1.0
622,-0.556382531057485,0.20428428885283845,0.0
623,0.16731801473092248,0.4717255864516569,1.0
624,0.020795097526617335,-0.008543550603549844,0.0
625,-1.3418170727681327,-0.28844427303775294,0.0
626,2.01070951847645,0.023217861920056072,1.0
627,-0.7344991051530814,0.4853528016976448,0.0
628,0.32882511027796685,0.35335757801871553,1.0
629,1.4958228748884543,-0.7443607499652678,1.0
630,-0.1552790947752855,-0.16906027613402216,0.0
631,-0.16584062893183787,0.3853678898115273,1.0
632,-1.8249830446455804,-0.6632001453044334,0.0
633,1.097540424291397,-0.442804528093397,1.0
634,-0.8027146860314898,-0.38708647431968546,0.0
635,0.4969640903489131,-0.825410353530458,0.0
636,-1.108950407445363,-0.25519945798084925,0.0
637,-1.3994745780860085,1.5247769020017812,0.0
638,-0.5503615334162096,1.0058160227584836,1.0
639,0.598298395423484,-1.185684847809943,0.0
640,0.226497612510408,-1.6506943270932117,0.0
641,1.0413738361413105,0.3268218665818371,1.0
642,-0.37371486476642474,-1.1276469333159955,0.0
643,1.5862132825277406,-1.6206935405887914,1.0
644,-0.6026551738925113,0.33593696529224193,0.0
645,0.5126984664847315,-0.8694389406661232,1.0
646,1.0158414953239454,0.4209362211922684,1.0
647,0.04415648915426852,0.5729755386966164,1.0
648,0.4432942641205416,-1.6572169599277702,0.0
649,0.08842835660073008,-0.6235450777456492,0.0
650,-1.3411351856223837,-0.3266485336502595,0.0
651,-0.5511800582906491,0.537531105875393,1.0
652,0.1011709677217631,-1.8483738510373091,0.0
653,-0.5570356491835381,-1.43887725791287,0.0
654,0.14887701236291045,0.9110292678206056,1.0
655,0.3247673497208674,-0.8550304248863931,0.0
656,0.680366792761646,-0.8374436761152526,0.0
657,-0.7692854880609727,-1.2409621908947546,0.0
658,-0.19976770422189585,-0.35850480136262663,0.0
659,-0.35226346217693894,1.4310770548532152,1.0
660,0.9235572167966004,-0.7623476921017089,1.0
661,1.6107931403209028,0.8255079683382348,1.0
662,-1.0428303715442628,-0.38211396500013073,0.0
663,0.07984036823523051,0.1902617956111211,1.0
664,-0.1395943197621313,-1.1050890898465633,0.0
665,-0.42692258052032034,-0.9237860434552254,0.0
666,0.5185310239768187,1.1248228622655119,1.0
667,-0.8172189680315347,0.2567582496431653,0.0
668,0.5072649001828056,-0.3239617829580385,1.0
669,1.5676667182857913,0.409576522138283,1.0
670,2.1369904493140948,1.1333697144550667,1.0
671,-0.7711274159915137,-0.8941114300737936,0.0
672,-0.20735386570028522,-1.261450713277809,0.0
673,1.29932125162197,0.3629561387079992,1.0
674,-1.5538691082505403,-1.2290304130757392,0.0
675,-0.14306741830079786,1.4406271051855044,1.0
676,1.0723379014512722,1.865731237395038,1.0
677,-1.685805865376356,-0.5502383985804364,0.0
678,-0.3554105840414974,0.05373637549686611,0.0
679,-0.7424479248704986,0.43202560924659755,1.0
680,0.27892120601435083,2.1195478712613314,1.0
681,1.1540864239942912,1.0208078680079093,1.0
682,0.7507808547832371,-1.7196279751294936,0.0
683,-0.9892407814133443,-0.562199749260752,0.0
684,1.3372275738670032,-0.2124545398012265,1.0
685,1.5240245204120275,0.962676252945482,1.0
686,1.4701222389396764,0.978851811406995,1.0
687,0.4499340315977804,-0.8718316104701517,0.0
688,0.6553277523077161,-0.25128166957040493,1.0
689,-0.36571600604344995,-0.5932133795970801,0.0
690,0.529005525209254,-0.26612561780066035,1.0
691,1.2094947322788339,0.9163759576239292,1.0
692,0.422361492825639,1.2259379022839545,1.0
693,-0.11425675710853872,0.4323267159268353,1.0
694,0.1175081515182909,-0.21589191989283435,1.0
695,0.9787953838311625,-0.6441794970257967,1.0
696,0.2542791493350058,0.11950678937385055,1.0
697,0.7697859011406228,1.2199123591876282,1.0
698,1.6423693090963096,-0.8494315808085731,1.0
699,-0.7137078982779027,-1.207676638765807,0.0
700,-0.0015506405224026917,0.018598737196040955,1.0
701,0.2700823202233208,-0.8993073409157746,0.0
702,-1.1506647577761207,-1.8169879207303496,0.0
703,-1.130995727756884,0.05121452232815288,0.0
704,0.559927826529625,3.8260638684251536,1.0
705,-0.7826117652842571,0.2895492581798319,1.0
706,1.4819643807647485,0.1297057042675504,1.0
707,1.0097948939315633,-0.6349131236032095,1.0
708,0.8274264382834589,-0.2696586931313622,1.0
709,-1.1729598162908528,-0.7967958860186234,0.0
710,0.7127599622792583,1.2815924056410815,1.0
711,0.07656597220785909,0.020170352025311908,1.0
712,-0.3421879763463651,-1.06960173523113,0.0
713,2.086780270457063,-0.12249666061981448,1.0
714,-1.2120146146919881,-0.6034456861882342,0.0
715,1.01976751615163,-0.31085604116468707,1.0
716,-0.8360951815709768,-1.2512871041134295,0.0
717,-0.2025525166124159,-0.3928124923293159,0.0
718,1.4872393289565036,-0.2952121457359977,1.0
719,0.8518056898018147,1.56585621407764,1.0
720,-1.3917182713871825,-0.8810730814884783,0.0
721,0.5920705471009418,0.34285756262104683,1.0
722,-0.7680802097320277,0.07642122394002149,0.0
723,-2.2721432232479146,0.33034129904937776,0.0
724,0.5927266672367844,-0.5904460237813621,0.0
725,-0.6514360760663992,-0.300018576077694,0.0
726,-0.07705343665132448,0.3074862348884629,0.0
727,-0.7429144556104119,-0.537345696207587,0.0
728,0.5129790626801332,0.2776213452213507,1.0
729,0.33308170203735293,0.36187035433204284,1.0
730,-0.038444932231607006,0.34092354004625736,1.0
731,-2.246218873649321,0.2082368803157254,0.0
732,0.7548070269499068,-0.08119545373951662,1.0
733,0.2913366046999261,-0.786191006125299,0.0
734,0.9177836899242915,-1.928876471511966,0.0
735,0.13030517412742748,0.4264312627106675,1.0
736,-0.7919012104723714,2.622809979380166,1.0
737,-1.3071096336128833,-1.5611331679079943,0.0
738,0.25965339042773883,-0.037563104832373725,1.0
739,-2.252949247090475,1.2308381700310524,0.0
740,-0.6396081934880928,1.246122285078613,1.0
741,-2.212188444153004,-0.15037148890458216,0.0
742,1.0652866808824664,-0.5384732987933127,0.0
743,-0.5225588482897126,-0.6264605414632975,0.0
744,-0.8718354188228924,0.12733194653324187,0.0
745,0.7513665702724732,-0.2946302682371424,1.0
746,-0.9022944882161693,-0.27858688881540444,0.0
747,-2.2827051647375156,-0.14095459245414324,0.0
748,-1.463009524439666,0.5397670567014928,0.0
749,1.2296313315159526,-0.4453977592994423,1.0
750,-0.412464404026355,1.7370183750391242,1.0
751,1.3890780703991656,0.5838555182223184,1.0
752,0.06599135995719191,1.8135828910955116,1.0
753,0.9474979653998078,-0.3621610655771357,1.0
754,-0.34546497325155456,-0.8770984848131728,0.0
755,0.21586652668178208,-0.1031188128926528,1.0
756,1.3392217411206713,0.3391309196146289,1.0
757,-0.49845035652848013,1.2441438566428247,1.0
758,0.7152546802616537,1.789427818559719,1.0
759,0.5029861831197304,-1.0112962478723906,0.0
760,0.05385874855899755,1.9200205212276347,1.0
761,-0.204774837763161,0.6787744633217022,1.0
762,-0.7578361151911986,0.6985677503578739,0.0
763,-0.8308372639086447,0.2659020930202335,0.0
764,0.3892021808216438,0.48312371192659126,1.0
765,0.29225853038262184,1.3681847773823022,1.0
766,-1.0788573111672553,-0.22740874921978368,0.0
767,0.019787538975285793,1.8243041710084518,1.0
768,0.0763378994447799,1.6188294886903807,1.0
769,0.41075165909399275,0.30133617155565373,1.0
770,-0.8675443611743594,-0.01497524536926768,0.0
771,-1.6115633584234121,1.2973755321200742,0.0
772,0.381203266915396,0.8477303875445102,1.0
773,-1.1534050912903029,0.448155602706546,0.0
774,0.731476145239811,0.017970528237022887,1.0
775,-0.37900675288373264,-0.4737615647298567,0.0
776,-1.760970751486884,-0.40245792331185165,0.0
777,-0.2355666272082257,-0.9130345626405215,0.0
778,1.2425758707556158,0.6831095043159837,1.0
779,-0.0158450731066688,1.415580670788615,1.0
780,0.5707221263377398,0.1422622851712893,1.0
781,0.698721538904589,-0.720993426736578,1.0
782,1.5931529529793569,-0.7558173097962547,1.0
783,0.5960590316216732,1.2091188181865038,1.0
784,0.8949871254260097,-0.4494984461379578,1.0
785,-0.3479082311005885,1.3598046563847122,1.0
786,-0.8235982890230132,0.3813737009288188,1.0
787,0.40789197319651294,-0.05032826308641132,1.0
788,-0.07158739863223917,-0.015422333861707643,1.0
789,-0.3415479278830018,-0.28386975045089313,0.0
790,1.608036023553066,-0.5071003448878206,1.0
791,0.7649828095828531,-0.3771859483757312,1.0
792,0.8762796171140673,0.8956710972917324,1.0
793,-0.35039768311689834,-0.25514773605440694,1.0
794,0.8288958387391051,0.2323292962569236,1.0
795,-1.3330936613294802,1.3907126553036204,1.0
796,-0.1377800171614094,-0.7554610035924857,0.0
797,-0.45981297680695127,-0.8796197809664721,0.0
798,-0.5567629283262825,-0.8593043509480044,0.0
799,-2.023037828912287,-1.0922090554815094,0.0
800,1.2691235693156622,-1.6220635837443738,0.0
801,-0.8592204101621486,-1.2169590158257364,0.0
802,-1.0968288191543374,0.04155100579351947,0.0
803,0.5971359331569289,1.263386971239783,1.0
804,0.3187391563733682,-0.28824250935168955,1.0
805,-0.5568092697787058,0.434516279756465,1.0
806,-0.13574048853451298,-0.25136566173535785,0.0
807,0.5755864337541462,-0.5258405647265801,1.0
808,-0.21936259958551138,1.6462650035321582,1.0
809,0.8348336884195532,0.8541591882027672,1.0
810,1.9413698649665794,0.499763274855032,1.0
811,-1.2153385569503368,-0.44115422596913817,0.0
812,-0.21674851358106673,-0.9724940881471705,0.0
813,0.7819384393947557,0.29935679580405966,1.0
814,0.594829407139904,1.0763909264402738,1.0
815,-0.2148342555426606,0.42117725631440006,0.0
816,0.24870929666920866,-0.18316296587991515,1.0
817,-0.5808592464611769,1.051248372730318,1.0
818,-0.07193181514924119,-0.011844582282826286,0.0
819,-0.24528798118895953,2.667850870295161,1.0
820,-0.8415428322503979,0.6768076781902159,1.0
821,-0.7494701350816616,0.05065028645716604,0.0
822,-0.641257501367595,1.2856883544714537,1.0
823,-1.6329545453022785,0.03620427295365318,0.0
824,1.4019111342472768,1.1945234241432547,1.0
825,-0.5686423357411144,-0.03897949793447644,0.0
826,-0.3704304299734792,-1.645684119887264,0.0
827,0.17562979119823774,-0.1073761104054889,1.0
828,-1.8999256728132177,0.14306318046062655,0.0
829,-1.3338708258899812,-1.4065164920889035,0.0
830,-0.09460022724975677,1.3043585875597477,1.0
831,0.17570893204266708,-0.4306495751620417,1.0
832,-0.4729064858675587,1.3360999324877092,1.0
833,-1.6666770890775802,-1.5000969814388923,0.0
834,-2.0376896944524185,-0.38022941731547816,0.0
835,0.9504282105885254,-2.46124908797916,0.0
836,-1.5146252863910312,-1.6124626941326463,0.0
837,-0.9243469071915756,-0.19121553369492805,0.0
838,0.24863135465069827,-0.027397951147325128,1.0
839,-1.1750731592320192,0.23419219842409067,0.0
840,1.1386232112527288,-0.7258287429629434,1.0
841,0.44841230626438,0.6361556146752135,1.0
842,0.44386543891003905,0.6775211774630244,1.0
843,0.38204357157630775,-0.8578786800185818,0.0
844,0.40761947901555956,-0.10269507952994618,1.0
845,1.1674507635685436,0.46303009566409303,1.0
846,2.0550099605751866,0.05951483165429383,1.0
847,0.8342788322425363,-0.42542358086463505,1.0
848,0.017094658270088468,-0.7452468583577524,0.0
849,0.8460456889315344,0.3350212036964615,1.0
850,2.1519635457276043,-0.21371710905358068,1.0
851,2.2375683378267235,-0.010184960745644895,1.0
852,-0.4348246166459392,-0.15162251107727165,0.0
853,-0.9852573140014584,0.36835731795959636,0.0
854,-1.2483617969364433,1.3748681728782652,0.0
855,1.2653821421167533,-0.4193549457309316,1.0
856,1.388596501569168,-0.0277358667016596,1.0
857,-0.7396941761383169,1.7285122351207365,1.0
858,2.660357307019171,-0.014180059698627635,1.0
859,-0.5774315871705111,1.4292112332611568,1.0
860,0.7988045395845588,1.1889766185697999,1.0
861,-0.6076429393954534,1.079775651781879,0.0
862,0.4744005578918489,0.7431569444777516,1.0
863,-0.9463510097395279,-0.4368208824923747,0.0
864,1.2721355770534664,1.0533824560996994,1.0
865,0.6850174498642826,0.9587446974334886,1.0
866,-0.8751258407241994,0.3610614172930659,0.0
867,-1.0089530795822068,-2.332344107283319,0.0
868,0.9397940808422048,0.2324268493514972,1.0
869,-0.5941210506324055,0.672965564012388,0.0
870,0.862634714449035,0.24272923535431246,1.0
871,1.1677233199564978,2.2611019488942836,1.0
872,0.3495289598889518,-1.7200958935034052,0.0
873,-1.0009548524756775,-1.528277342811851,0.0
874,-2.7388772510346358,1.0660929130333074,0.0
875,1.2205342929876168,0.9411374143742423,1.0
876,0.8526920903101928,-0.6472918958551573,1.0
877,-1.9322181480054426,-0.7799436673561794,0.0
878,-1.2763913850798574,-0.09336446115934725,0.0
879,-0.10996058121533749,0.14713581191247233,1.0
880,1.351253170753012,-0.6742163496044047,1.0
881,-0.04439423341567411,-0.06729026404774956,1.0
882,-0.23556418339715057,1.4880909035607164,1.0
883,0.05234850705699102,-0.3155232832185249,1.0
884,-1.1127858187252673,-0.6894167792655643,0.0
885,-1.2376027157000051,0.3142470493694218,0.0
886,-2.170306626817254,-1.6895380919564522,0.0
887,-0.6728106996624397,0.6876302969269937,0.0
888,1.169612382583689,0.6951560107177001,1.0
889,0.29288642130388354,0.4627342431558216,1.0
890,0.44698450922444777,0.6902341683737536,1.0
891,1.5195955492345201,2.2917989017977307,1.0
892,1.1221324031097224,0.06861405901197466,1.0
893,-0.3393820278614738,-0.39065478742406845,0.0
894,-1.4165961788272565,-1.5323092683749897,0.0
895,-1.0616609076204955,-2.064258631840048,0.0
896,0.4381073879766317,1.7856269404257572,1.0
897,2.027192975032425,1.7179611195399114,1.0
898,-0.3621537664490245,0.6157650522494081,1.0
899,-0.16669933507893508,-2.82358391968221,0.0
900,-0.926797938221393,-0.866275866258914,0.0
901,-1.3554184367459916,-0.7831506753808669,0.0
902,0.004045802183461248,1.3194123438835808,1.0
903,0.6319156441167904,-0.7445436656882498,0.0
904,0.1765622711702111,-0.27475087715944696,0.0
905,-0.14171452872983545,-1.0055194138985097,0.0
906,0.2956219675763281,-0.7976926997410252,0.0
907,1.986196280734502,-1.5574249173018437,1.0
908,-0.34278592840938316,1.844879992494441,1.0
909,-0.46572795794281857,-1.0305115278897776,0.0
910,1.689833192579571,-1.0077315750566962,0.0
911,0.7220033012209784,-0.31148027772130976,1.0
912,-0.532569857211477,0.8765996402835181,1.0
913,-1.3063454273387387,-0.11065706501182629,0.0
914,1.081752894090872,0.7547769473775425,1.0
915,-0.7147647577919833,-0.81119643106827,0.0
916,0.7528912996634959,-0.46846071547075047,1.0
917,0.4779295639502993,0.7728208151687319,1.0
918,-1.6837066657120239,0.9983681490266998,0.0
919,-0.16538382124034404,0.5382255592094453,1.0
920,-0.13909792404368435,0.023129009100752135,0.0
921,1.3716025838171453,1.1269179297302276,1.0
922,0.7127711763384724,-0.9375228974364507,1.0
923,-2.1139065973534623,0.2550781801819769,0.0
924,0.7000774319275945,-1.660287867208275,0.0
925,-1.6917674375187883,-1.402173219942993,0.0
926,-0.8066540696526779,-0.7856272364271429,0.0
927,-0.07769627685209612,1.0216734328493717,1.0
928,1.0410210209538575,-0.28721808932317,1.0
929,-0.9086342900131394,-0.8435895980208146,0.0
930,-0.5252232644309563,-0.9665438217199657,0.0
931,-0.2764999753715777,0.4072328641088126,1.0
932,-0.1642508230801273,0.3123839593241556,1.0
933,-0.39053050762489433,-0.880287027843146,0.0
934,0.3069712260420543,-3.171552633635618,0.0
935,-0.8618224193166423,-0.2391395488781295,0.0
936,1.9358263478549669,-0.8359186098567082,1.0
937,-0.8372377167968974,-1.0724548934134785,0.0
938,-0.31244571134451,0.13017240481504158,1.0
939,0.46774944660554124,-0.44246966650141406,0.0
940,0.2648699316968311,1.0660278749693595,1.0
941,-1.798735922697004,0.4318653990855722,0.0
942,-0.07694659412658204,-0.6348624481736165,0.0
943,-0.42208227055551795,1.657268968744307,1.0
944,-0.9669147137433043,0.15530970950366052,0.0
945,0.16595171494488867,-0.2602168428457572,1.0
946,1.169622942684167,1.459203650438952,1.0
947,-0.8364861176089602,-0.6502259394588542,0.0
948,-1.5051465455356823,-0.6231988872971687,0.0
949,-0.9321455640088676,-1.2093414668562519,0.0
950,1.2837973408232104,-0.674150678559855,1.0
951,-0.30276569055884955,1.0791656624856152,1.0
952,0.3196633115403363,-1.1366199847047482,0.0
953,-0.3583833365216138,0.4461321988506716,1.0
954,-0.6603981424303266,-2.10293390209667,0.0
955,-1.628927502530155,-0.001882892016655726,0.0
956,0.9700590234386868,-1.1422883306403742,0.0
957,2.249722641777612,0.39558209472031974,1.0
958,-0.7592667437455656,1.6087887058288728,1.0
959,1.3090103450769153,-0.29642374911170216,1.0
960,1.6082877453420088,0.5175773059365818,1.0
961,-0.16434332546621222,-0.8638650550219276,0.0
962,1.4765970753625048,0.7648841408789288,1.0
963,0.8444090042867259,0.19947303359738358,1.0
964,-0.8945945394482231,0.8751236523464289,0.0
965,0.006466484480705783,0.12634798904712205,1.0
966,-0.5988988298640799,2.0207221726496685,1.0
967,0.6791973111859814,0.036724933718186865,1.0
968,-0.7725784371416518,0.11380714567512369,0.0
969,0.2260881788546172,-0.6715527590180472,1.0
970,-0.6614850707038304,-0.35961469322513906,0.0
971,0.7624745973205566,1.6225020379288417,1.0
972,1.9207374637432897,-0.8957665009244371,1.0
973,0.9951438189885352,0.5125375727416331,1.0
974,-1.2170529688992793,1.0022029714179932,1.0
975,2.070793522477539,1.6011023573054741,1.0
976,-0.08749259871957768,-0.7138949101580176,0.0
977,0.5774468738368729,-1.6045922223147766,0.0
978,0.6612279125915382,-0.6142814187349657,1.0
979,-0.8118359775015694,-0.6784204508585578,0.0
980,-0.29268311719590845,-2.690341208720594,0.0
981,1.2317268645454558,0.04157537609543385,1.0
982,-0.24454284507573806,0.8563090279055271,1.0
983,1.0549349873228269,1.2823750600877426,1.0
984,1.0400844553981183,-0.35370444842594784,1.0
985,1.3956708040163948,-0.6863436459495796,1.0
986,-1.1226621641222925,-1.5073062459554154,0.0
987,-1.6952216707894194,-0.6896654987060136,0.0
988,-1.0694604146576134,-0.31047214191357925,0.0
989,-0.559972627032044,-0.491134049484738,0.0
990,0.6115810409578475,0.7213921503431465,1.0
991,-0.6044771826519622,-0.04356733546540437,1.0
992,1.0530927292434606,-0.5593466059449032,1.0
993,0.5267522122232506,0.8992267830717532,1.0
994,2.9761104384894135,1.108000823666376,1.0
995,0.5144592403811297,-1.4229841650050052,0.0
996,0.1448170869835241,0.11074168975597654,1.0
997,0.4550875814602506,-0.279026447170334,1.0
998,-0.5765674049334178,0.23694562362512975,0.0
999,-0.18093675676765275,0.5497356752469892,1.0
